Altium Designer Pick and Place Locations
C:\Users\choui\AppData\Local\TempReleases\Snapshot\2\Sources\REV 1.01 (2025-02-11)\04 - ASSEMBLY\SerreVo_Controller_PCB PNP XY REV 1.01.csv

========================================================================================================================
File Design Information:

Date:       11-02-25
Time:       11:27
Revision:   Not in VersionControl
Variant:    No variations
Units used: mil

"Designator","Description","Package","Layer","Center-X(mil)","Center-Y(mil)","Rotation","Assembly Note","Assembly Type","Polarized","Manufacturer #1","Part Number #1","Supplier 1","Supplier Part Number 1","HelpURL"
"D1","TVS DIODE 5.25V 17V SOT666","","TopLayer","550,506","3163,585","0","","","","","","","",""
"J1","CONN RCP USB2.0 TYP C 24P SMD RA","","TopLayer","158,307","3124,371","270","","","","","","","",""
"J3","Jack Modular Connector 8p8c _RJ45, Ethernet_ Vertical Unshielded Cat6","None","TopLayer","2926,932","2509,357","0","","","","","","","",""
"J2","Jack Modular Connector 8p8c _RJ45, Ethernet_ Vertical Unshielded Cat6","None","TopLayer","2231,848","2512,746","0","","","","","","","",""
"J5","Jack Modular Connector 8p8c _RJ45, Ethernet_ Vertical Unshielded Cat6","None","TopLayer","4340,920","2508,711","0","","","","","","","",""
"J4","Jack Modular Connector 8p8c _RJ45, Ethernet_ Vertical Unshielded Cat6","None","TopLayer","3638,108","2509,357","0","","","","","","","",""
"SER1","SER - SERIAL CARTRIDGE MICRO","","BottomLayer","-22125,630","-17297,480","180","","NONE","","","","","",""
"REV1","REV - REVISION CARTRIDGE MINI","","BottomLayer","-22125,630","-17297,480","180","","NONE","","","","","",""
"D3","LED RED DIFFUSED 1608 SMD","","TopLayer","1684,764","3716,616","0","","","","","","DigiKey","SML-D12U1WT86CT-ND",""
"U4","No Description Available","","TopLayer","798,762","2806,631","180","","","","","","","",""
"MTH2","MTH - MOUNTING HOLE M3 PLATED - M3","M3","TopLayer","4685,039","3779,528","0","","NONE","","","","","","https://littlemachineshop.com/images/gallery/PDF/TapDrillSizes.pdf"
"MTH1","MTH - MOUNTING HOLE M3 PLATED - M3","M3","TopLayer","157,480","2244,095","0","","NONE","","","","","","https://littlemachineshop.com/images/gallery/PDF/TapDrillSizes.pdf"
"U6","Low Voltage I2C/SMBus Accelerator","SC70-6 Analog Devices","TopLayer","4602,627","2888,316","180","","","","","","","",""
"U5","Low Voltage I2C/SMBus Accelerator","SC70-6 Analog Devices","TopLayer","3943,031","2887,490","180","","","","","","","",""
"U3","Low Voltage I2C/SMBus Accelerator","SC70-6 Analog Devices","TopLayer","3224,593","2888,317","180","","","","","","","",""
"U2","Low Voltage I2C/SMBus Accelerator","SC70-6 Analog Devices","TopLayer","2546,613","2888,318","180","","","","","","","",""
"D2","LED GREEN DIFFUSED 0603 SMD","","TopLayer","1684,764","3827,372","0","","","","","","DigiKey","511-1579-1-ND",""
"SW2","SWITCH TACTILE SPST-NO 0.02A 15V","","TopLayer","1643,942","3352,380","90","","","","","","","",""
"SW1","SWITCH TACTILE SPST-NO 0.02A 15V","","TopLayer","265,258","3624,971","270","","","","","","","",""
"U1","Bluetooth, WiFi 802.11b/g/n, Bluetooth v5.0 Transceiver Module 2.4GHz Antenna Not Included, U.FL Surface Mount","None","TopLayer","1036,063","3524,184","0","","","","","","","",""
"Q1","MOSFET P-CHA 60V 720MW SOT23","","TopLayer","1159,738","2439,184","270","","","","","","","",""
"Designator3","","","TopLayer","-22125,630","-17297,480","90","","","","","","","",""
"J7","","None","TopLayer","1616,640","2642,268","180","","","","","","","",""
"J6","Connector Header Through Hole 10 position 0.098 (2.50mm)","None","TopLayer","1009,139","2224,402","180","","","","","","","",""
"R2","RES 5.1KO 1.00% 0.1W 0603","","TopLayer","369,409","2981,886","0","","","","","","","",""
"R1","RES 5.1KO 1.00% 0.1W 0603","","TopLayer","373,268","3316,980","0","","","","","","","",""
"R27","RES SMD 470 OHM 1% 1/10W 0603","","TopLayer","1805,000","3716,616","180","","","","","","DigiKey","P470HCT-ND",""
"C19","CAP CER 47UF 6.3V X5R 0603","","BottomLayer","4369,280","2367,679","90","","","","","","DigiKey","478-11180-1-ND",""
"C18","CAP CER 47UF 6.3V X5R 0603","","BottomLayer","4232,599","2360,844","90","","","","","","DigiKey","478-11180-1-ND",""
"C17","CAP CER 47UF 6.3V X5R 0603","","BottomLayer","3679,760","2379,545","90","","","","","","DigiKey","478-11180-1-ND",""
"C16","CAP CER 47UF 6.3V X5R 0603","","BottomLayer","3549,852","2379,545","90","","","","","","DigiKey","478-11180-1-ND",""
"C15","CAP CER 47UF 6.3V X5R 0603","","BottomLayer","2974,474","2373,317","90","","","","","","DigiKey","478-11180-1-ND",""
"C14","CAP CER 47UF 6.3V X5R 0603","","BottomLayer","2816,208","2369,459","90","","","","","","DigiKey","478-11180-1-ND",""
"C13","CAP CER 47UF 6.3V X5R 0603","","BottomLayer","2308,286","2377,756","90","","","","","","DigiKey","478-11180-1-ND",""
"C12","CAP CER 47UF 6.3V X5R 0603","","BottomLayer","2135,982","2378,160","90","","","","","","DigiKey","478-11180-1-ND",""
"C10","CAP CER 4.7UF 16V X6S 0603","","TopLayer","1048,984","2723,838","0","","","","","","DigiKey","490-13362-1-ND",""
"C11","CAP CER 4.7UF 16V X6S 0603","","TopLayer","1048,986","2884,232","180","","","","","","DigiKey","490-13362-1-ND",""
"R14","RES SMD 330 OHM 1% 1/5W 0603","","TopLayer","3573,898","2838,344","90","","","","","","DigiKey","A129541CT-ND",""
"R13","RES SMD 330 OHM 1% 1/5W 0603","","TopLayer","3773,324","2841,271","90","","","","","","DigiKey","A129541CT-ND",""
"R7","RES SMD 330 OHM 1% 1/5W 0603","","TopLayer","2379,058","2839,685","90","","","","","","DigiKey","A129541CT-ND",""
"R16","RES SMD 330 OHM 1% 1/5W 0603","","TopLayer","4270,206","2840,140","90","","","","","","DigiKey","A129541CT-ND",""
"R8","RES SMD 330 OHM 1% 1/5W 0603","","TopLayer","2158,870","2838,346","90","","","","","","DigiKey","A129541CT-ND",""
"R12","RES SMD 330 OHM 1% 1/5W 0603","","TopLayer","2858,326","2838,345","90","","","","","","DigiKey","A129541CT-ND",""
"R11","RES SMD 330 OHM 1% 1/5W 0603","","TopLayer","3060,598","2838,345","90","","","","","","DigiKey","A129541CT-ND",""
"R15","RES SMD 330 OHM 1% 1/5W 0603","","TopLayer","4458,152","2840,140","90","","","","","","DigiKey","A129541CT-ND",""
"R9","RES SMD 330 OHM 1% 1/5W 0603","","TopLayer","95,314","3698,199","90","","","","","","DigiKey","A129541CT-ND",""
"R18","RES SMD 30 OHM 5% 1/4W 0603","","TopLayer","2232,266","2838,347","90","","","","","","DigiKey","RHM30DCT-ND",""
"R24","RES SMD 30 OHM 5% 1/4W 0603","","TopLayer","4396,528","2839,471","90","","","","","","DigiKey","RHM30DCT-ND",""
"R17","RES SMD 30 OHM 5% 1/4W 0603","","TopLayer","2305,660","2839,489","90","","","","","","DigiKey","RHM30DCT-ND",""
"R19","RES SMD 30 OHM 5% 1/4W 0603","","TopLayer","2993,174","2838,345","90","","","","","","DigiKey","RHM30DCT-ND",""
"R21","RES SMD 30 OHM 5% 1/4W 0603","","TopLayer","3707,472","2840,141","90","","","","","","DigiKey","RHM30DCT-ND",""
"R4","RES SMD 30 OHM 5% 1/4W 0603","","TopLayer","373,268","3111,498","0","","","","","","DigiKey","RHM30DCT-ND",""
"R3","RES SMD 30 OHM 5% 1/4W 0603","","TopLayer","373,268","3182,954","0","","","","","","DigiKey","RHM30DCT-ND",""
"R22","RES SMD 30 OHM 5% 1/4W 0603","","TopLayer","3640,494","2838,843","90","","","","","","DigiKey","RHM30DCT-ND",""
"R25","RES SMD 30 OHM 5% 1/4W 0603","","TopLayer","4334,740","2840,140","90","","","","","","DigiKey","RHM30DCT-ND",""
"R20","RES SMD 30 OHM 5% 1/4W 0603","","TopLayer","2925,750","2838,345","90","","","","","","DigiKey","RHM30DCT-ND",""
"R26","RES SMD 220 OHM 1% 1/10W 0603","","TopLayer","1805,000","3827,372","180","","","","","","DigiKey","118-CR0603-FX-2200ELFCT-ND",""
"C6","CAP CER 22UF 6.3V X5R 0603","","TopLayer","591,692","3522,593","90","","","","","","DigiKey","478-10812-1-ND",""
"C3","CAP ALUM 100UF 20% 10V SMD","","TopLayer","406,732","2728,838","270","","","","","","DigiKey","PCE3867CT-ND",""
"R28","RES SMD 10K OHM 5% 1/4W 0603","","TopLayer","1815,308","3164,734","90","","","","","","DigiKey","541-2817-1-ND",""
"R23","RES SMD 10K OHM 5% 1/4W 0603","","TopLayer","1261,144","2455,455","270","","","","","","DigiKey","541-2817-1-ND",""
"R10","RES SMD 10K OHM 5% 1/4W 0603","","TopLayer","585,414","3799,381","270","","","","","","DigiKey","541-2817-1-ND",""
"C4","CAP CER 1UF 16V X7R 0603","","TopLayer","272,481","3880,246","0","","","","","","DigiKey","399-17719-1-ND",""
"C1","CAP CER 0.1UF 16V X7R 0603","","TopLayer","496,797","3013,028","90","","","","","","DigiKey","478-KGM15AR71C104MMCT-ND",""
"C7","CAP CER 0.1UF 16V X7R 0603","","TopLayer","474,614","3522,593","90","","","","","","DigiKey","399-5784-2-ND",""
"C8","CAP CER 0.012UF 16V X7R 0603","","TopLayer","4071,312","2900,381","90","","","","","","DigiKey","311-3370-1-ND",""
"C9","CAP CER 0.012UF 16V X7R 0603","","TopLayer","4728,976","2899,553","90","","","","","","DigiKey","311-3370-1-ND",""
"C5","CAP CER 0.012UF 16V X7R 0603","","TopLayer","3345,822","2889,772","90","","","","","","DigiKey","311-3370-1-ND",""
"C2","CAP CER 0.012UF 16V X7R 0603","","TopLayer","2668,784","2898,697","90","","","","","","DigiKey","311-3370-1-ND",""
"R29","RESA-AS 0603 0R JUMPER 100MW","","TopLayer","4737,941","3578,657","90","","","","","","DigiKey","CR0603AJ/-000EASCT-ND",""
"R6","RESA-AS 0603 0R JUMPER 100MW","","TopLayer","345,120","2140,484","0","","","","","","DigiKey","CR0603AJ/-000EASCT-ND",""
"R5","RESA-AS 0603 0R JUMPER 100MW","","TopLayer","194,134","2874,232","0","","","","","","DigiKey","CR0603AJ/-000EASCT-ND",""
